title,author,price,old_price
Книга прощаний. Воспоминания о друзьях и не только о них,Рассадин Станислав Борисович,673 ₽,1 346
Дело о лишней картине. Музейный детектив,Песочинская Наталья Анатольевна,1 595 ₽,3 189
Волосы Вероники,Фицджеральд Фрэнсис Скотт,415 ₽,922
Зеркальное мышление. Как ролевые модели делают нас людьми,Мёрден Фиона,705 ₽,1 567
В доме своем в пустыне,Шалев Меир,516 ₽,1 475
Коза и великаны,Востоков Станислав Владимирович,664 ₽,1 475
Дело о лишней картине. Музейный детектив,Песочинская Наталья Анатольевна,1 595 ₽,3 189
"""Всехние"" секретики. Дынанзих",Эн Ая,2 028 ₽,4 056
Чертог фантазии,Готорн Натаниель,461 ₽,922
"Самоубийцы. Повесть о том, как мы жили и что читали",Рассадин Станислав Борисович,646 ₽,1 291
Книга прощаний. Воспоминания о друзьях и не только о них,Рассадин Станислав Борисович,673 ₽,1 346
"Я, никогда не знавшая мужчин",Арпман Жаклин,540 ₽,1 199
Читать вслух,"Антонова, Дашевская, Басова",233 ₽,517
След косули,Стадник Зуля,1 203 ₽,2 673
Господин Ноябрь,Росса Оксана,1 291 ₽,2 581
Остров затонувшего замка,Золотарева Татьяна Евгеньевна,1 103 ₽,2 452
По следам Пифагора. Математические развлечения и фокусы,Еленьский Щепан,606 ₽,1 346
Король Матиуш Первый,Корчак Януш,1 386 ₽,3 079
Продолжение следует. Эврика. Бробот,Фоли Джеймс,324 ₽,719
Продолжение следует. Эврика. Курозавр,Фоли Джеймс,440 ₽,977
"Трое в лодке, не считая собаки",Джером Джером Клапка,3 650 ₽,8 111
Темная сторона Вселенной,Сурдин Владимир Георгиевич,855 ₽,1 899
Альберт Эйнштейн и его теория относительности,Уилкинсон Карл,1 377 ₽,3 060
Ваш номер!,Дурова Наталия Юрьевна,540 ₽,1 199
В доме своем в пустыне,Шалев Меир,516 ₽,1 475
Снежный цветок и заветный веер,Си Лиза,821 ₽,1 825
Зеркальное мышление. Как ролевые модели делают нас людьми,Мёрден Фиона,705 ₽,1 567
Четыре праведных преступника,Честертон Гилберт Кит,241 ₽,535
Волосы Вероники,Фицджеральд Фрэнсис Скотт,415 ₽,922
Смех не без причины. Язык и механизмы комического в новых жанрах интернет-поэзии. Монография,"Кронгауз, Ковшова",719 ₽,1 438
Маленькая косатка,Нагайлик Михаил Михайлович,680 ₽,1 512
Дело о пропавших пчёлах,Плаксунова Дарья,722 ₽,1 604
Дверь в Англию,Мазурова Юлия Валерьевна,719 ₽,1 438
Козлик Иван Иванович,Булычев Кир,456 ₽,1 014
"Где дневник, Дериволков?",Вишнякова Наталья Николаевна,995 ₽,2 212
Тайна исчезающего такси,Эйкен Джоан,490 ₽,1 088
"Иллюзион ""Здоровье"". Книга о мужчине и долголетии","Ильницкий, Прощаев",729 ₽,1 457
Мы будем вместе всегда. Имаго-терапия отношений,"Хендрикс, Хант",1 199 ₽,2 397
"Слово живое и мертвое. От ""Маленького принца"" до ""Корабля дураков""",Галь Нора,1 023 ₽,2 046
Герой нашего времени,Лермонтов Михаил Юрьевич,134 ₽,535
Горе от ума,Грибоедов Александр Сергеевич,191 ₽,424
Гиперболоид инженера Гарина,Толстой Алексей Николаевич,252 ₽,719
Лето Господне,Шмелев Иван Сергеевич,226 ₽,904
Как мы общаемся. От наскальной живописи до Интернета,Боссье Сильви,556 ₽,1 235
"Человек рассеянный. Как восстановить память, внимание и радость жизни",Дау Майк,793 ₽,1 586
Имя Кати,Губарев Павел Николаевич,747 ₽,1 659
Коза и великаны,Востоков Станислав Владимирович,664 ₽,1 475
Меч самурая. Комплект из 3 книг,Роулэнд Лора Джо,3 374 ₽,6 747
Киндрэт. Тетралогия,"Пехов, Бычкова, Турчанинова",2 507 ₽,5 014
Волшебник Изумрудного города,Волков Александр Мелентьевич,664 ₽,1 475
Таинственный остров,Верн Жюль,1 328 ₽,2 950
Кыш и я в Крыму,Алешковский Юз,701 ₽,1 752
Городок в табакерке,"Одоевский, Даль, Лермонтов",490 ₽,1 088
Таис Афинская,Ефремов Иван Антонович,689 ₽,1 530
Левиафан,Эндрюс Хелен-Роуз,606 ₽,1 346
Двенадцать человек - не дюжина,Ферра-Микура Вера,581 ₽,1 291
Как управлять временем. Руководство для самых маленьких,Шамина Екатерина Александровна,789 ₽,1 973
Москва и москвичи,Гиляровский Владимир Алексеевич,1 120 ₽,2 489
Песнь гор,Нгуен Фан Кюэ Май,647 ₽,1 438
"Лицей ""Морская миля""",Бурак Елена Сергеевна,507 ₽,1 014
Багаж,Хельфер Моника,415 ₽,830
Зеленая пилюля,Прокофьева Софья Леонидовна,614 ₽,1 364
Мадам Артишок спасает Париж,Кингфишер Руперт,581 ₽,1 291
Далеко ли до Сайгатки?,Перфильева Анастасия Витальевна,797 ₽,1 770
Хамелеон,Чехов Антон Павлович,257 ₽,572
